{"strict": 0.009547704368764579, "lenient": 0.011075173082409349, "robust": 0.014130110509698892}