{"strict": 0.05103402878435795, "lenient": 0.05814607706547458, "robust": 0.07237017362770785}