{"strict": 0.039126728464533786, "lenient": 0.043161440691671285, "robust": 0.05123086514594628}